last_name, first_name,player_id,year,p_k_percent,
Perez, Oliver,424144,2022,4.2,
Wainwright, Adam,425794,2022,17.8,
Greinke, Zack,425844,2022,12.5,
Molina, Yadier,425877,2022,8.3,
Verlander, Justin,434378,2022,27.8,
Sanchez, Anibal,434671,2022,16.4,
Escobar, Alcides,444876,2022,0.0,
Jansen, Kenley,445276,2022,32.7,
Chavez, Jesse,445926,2022,25.3,
Detwiler, Ross,446321,2022,23.0,
Kluber, Corey,446372,2022,20.2,
Hill, Rich,448179,2022,20.7,
Doolittle, Sean,448281,2022,35.3,
Morton, Charlie,450203,2022,28.2,
Kennedy, Ian,453178,2022,19.0,
Bard, Daniel,453268,2022,28.2,
Scherzer, Max,453286,2022,30.6,
Melancon, Mark,453343,2022,14.2,
Martin, Chris,455119,2022,32.9,
Price, David,456034,2022,22.2,
Cueto, Johnny,456501,2022,15.7,
Bush, Matt,456713,2022,30.3,
Wilson, Justin,458677,2022,53.8,
Lynn, Lance,458681,2022,24.2,
McGee, Jake,459429,2022,15.3,
Clippard, Tyler,461325,2022,14.3,
Chacin, Jhoulys,468504,2022,16.9,
Carrasco, Carlos,471911,2022,23.6,
Garcia, Luis,472610,2022,26.3,
Phelps, David,475479,2022,23.5,
Luetge, Lucas,476595,2022,23.9,
Kershaw, Clayton,477132,2022,27.8,
Hunter, Tommy,488984,2022,23.4,
Miley, Wade,489119,2022,17.6,
Romo, Sergio,489265,2022,17.7,
Stammen, Craig,489334,2022,19.8,
Yates, Kirby,489446,2022,18.2,
Ottavino, Adam,493603,2022,30.6,
Quintana, Jose,500779,2022,20.2,
Pineda, Michael,501381,2022,13.0,
Alvarez, Jose,501625,2022,19.7,
Smith, Joe,501925,2022,13.9,
Minor, Mike,501985,2022,16.7,
Archer, Chris,502042,2022,19.2,
Gibson, Kyle,502043,2022,20.1,
Robertson, David,502085,2022,30.7,
Cobb, Alex,502171,2022,23.9,
Espino, Paolo,502179,2022,18.9,
Boxberger, Brad,502202,2022,25.4,
Anderson, Chase,502624,2022,22.3,
O'Day, Darren,503285,2022,27.7,
Peralta, Wily,503449,2022,19.0,
Darvish, Yu,506433,2022,25.6,
Colome, Alex,517008,2022,14.9,
Alexander, Scott,518397,2022,15.9,
Brasier, Ryan,518489,2022,24.3,
Bumgarner, Madison,518516,2022,16.0,
Cishek, Steve,518553,2022,25.8,
Cruz, Fernando,518585,2022,32.8,
Diekman, Jake,518617,2022,29.4,
Grimm, Justin,518748,2022,15.5,
Holland, Greg,518813,2022,25.0,
Kelly, Merrill,518876,2022,22.0,
Kimbrel, Craig,518886,2022,27.7,
McFarland, T.J.,519008,2022,11.0,
Moore, Matt,519043,2022,27.3,
Pressly, Ryan,519151,2022,35.7,
Sale, Chris,519242,2022,20.0,
Smith, Will,519293,2022,24.9,
Strickland, Hunter,519326,2022,21.1,
Baez, Pedro,520980,2022,12.5,
Hendriks, Liam,521230,2022,36.2,
Kelly, Joe,523260,2022,31.2,
Perez, Martin,527048,2022,20.6,
Vizcaino, Arodys,527055,2022,10.3,
Castellanos, Humberto,528748,2022,16.5,
Ramirez, Erasmo,541640,2022,17.6,
Bethancourt, Christian,542194,2022,5.3,
Cisnero, Jose,542585,2022,21.9,
Anderson, Tyler,542881,2022,19.5,
Armstrong, Shawn,542888,2022,24.5,
Bass, Anthony,542914,2022,26.5,
Bleier, Richard,542947,2022,14.4,
Cole, Gerrit,543037,2022,32.4,
Coulombe, Danny,543056,2022,17.0,
DeSclafani, Anthony,543101,2022,18.1,
Eovaldi, Nathan,543135,2022,22.4,
Gose, Anthony,543238,2022,30.4,
Gray, Sonny,543243,2022,24.0,
Hand, Brad,543272,2022,19.2,
Harrison, Josh,543281,2022,11.1,
Hendricks, Kyle,543294,2022,18.5,
Hudson, Daniel,543339,2022,30.9,
Lyles, Jordan,543475,2022,18.6,
May, Trevor,543507,2022,27.0,
McHugh, Collin,543521,2022,27.6,
Milone, Tommy,543548,2022,7.2,
Odorizzi, Jake,543606,2022,19.0,
Shaw, Bryan,543766,2022,19.9,
Weber, Ryan,543901,2022,8.1,
Banuelos, Manny,544365,2022,24.0,
Familia, Jeurys,544727,2022,20.1,
Strasburg, Stephen,544931,2022,21.7,
Head, Louis,545343,2022,18.8,
Poteet, Cody,547001,2022,18.4,
Lorenzen, Michael,547179,2022,20.7,
Kelly, Michael,547184,2022,25.0,
Ryu, Hyun Jin,547943,2022,14.2,
Chapman, Aroldis,547973,2022,26.9,
Raley, Brooks,548384,2022,27.9,
Stripling, Ross,548389,2022,20.7,
Kittredge, Andrew,552640,2022,18.7,
Garcia, Yimi,554340,2022,23.5,
Wheeler, Zack,554430,2022,26.9,
Matzek, Tyler,554431,2022,19.6,
Rodriguez, Joely,570257,2022,26.4,
Valdez, Phillips,570488,2022,18.1,
Urena, Jose,570632,2022,14.6,
Robles, Hansel,570663,2022,18.9,
Cessa, Luis,570666,2022,17.6,
Alvarez, R.J.,571439,2022,15.4,
Appel, Mark,571446,2022,12.5,
Bellatti, Andrew,571479,2022,33.9,
Boyd, Matthew,571510,2022,24.5,
Corbin, Patrick,571578,2022,18.0,
Farmer, Buck,571656,2022,27.1,
Floro, Dylan,571670,2022,21.8,
Giles, Ken,571704,2022,33.3,
Givens, Mychal,571710,2022,27.3,
Heaney, Andrew,571760,2022,35.5,
Hutchison, Drew,571800,2022,14.7,
Koch, Matt,571863,2022,15.8,
Law, Derek,571882,2022,18.5,
Loup, Aaron,571901,2022,20.0,
Markel, Parker,571917,2022,23.1,
Matz, Steven,571927,2022,26.1,
Mikolas, Miles,571945,2022,19.0,
Miller, Shelby,571946,2022,46.7,
Milner, Hoby,571948,2022,23.5,
Myers, Wil,571976,2022,0.0,
Richards, Garrett,572070,2022,19.5,
Selman, Sam,572125,2022,24.0,
Taylor, Michael A.,572191,2022,15.4,
Tepera, Ryan,572193,2022,20.3,
VerHagen, Drew,572403,2022,17.0,
Bard, Luke,572703,2022,13.6,
Greene, Shane,572888,2022,15.4,
Johnson, Pierce,572955,2022,32.8,
Keuchel, Dallas,572971,2022,14.9,
Mantiply, Joe,573009,2022,25.1,
Rogers, Taylor,573124,2022,30.7,
Stroman, Marcus,573186,2022,20.9,
Thielbar, Caleb,573204,2022,32.7,
Minaya, Juan,573668,2022,24.4,
Kikuchi, Yusei,579328,2022,27.3,
Adam, Jason,592094,2022,31.6,
Brice, Austin,592169,2022,18.5,
Claudio, Alex,592222,2022,15.4,
Gausman, Kevin,592332,2022,28.3,
Gonzalez, Chi Chi,592346,2022,15.2,
Gray, Jon,592351,2022,25.7,
Hembree, Heath,592390,2022,15.9,
Kahnle, Tommy,592454,2022,30.4,
Kolarek, Adam,592473,2022,11.4,
Ray, Robbie,592662,2022,27.4,
Sadzeck, Connor,592712,2022,15.4,
Sampson, Adrian,592716,2022,17.1,
Sanchez, Aaron,592717,2022,15.5,
Shreve, Chasen,592741,2022,25.4,
Smith, Caleb,592761,2022,21.5,
Smyly, Drew,592767,2022,20.4,
Stanek, Ryne,592773,2022,27.7,
Syndergaard, Noah,592789,2022,16.8,
Taillon, Jameson,592791,2022,20.7,
Thornburg, Tyler,592804,2022,16.1,
Velasquez, Vince,592826,2022,21.6,
Walker, Taijuan,592836,2022,20.3,
Weiss, Zack,592848,2022,32.1,
Wick, Rowan,592858,2022,23.5,
Williams, Trevor,592866,2022,22.6,
Feliz, Michael,593140,2022,30.8,
German, Domingo,593334,2022,19.5,
Montas, Frankie,593423,2022,23.4,
Neris, Hector,593576,2022,30.0,
Tapia, Domingo,593619,2022,13.3,
Alberto, Hanser,593643,2022,2.1,
Rodriguez, Eduardo,593958,2022,18.4,
Peralta, Wandy,593974,2022,21.1,
Gustave, Jandel,594311,2022,22.5,
Mayers, Mike,594577,2022,20.2,
Moll, Sam,594580,2022,24.6,
deGrom, Jacob,594798,2022,42.7,
Gonzales, Marco,594835,2022,13.2,
Treinen, Blake,595014,2022,35.3,
Eickhoff, Jerad,595191,2022,14.8,
Okert, Steven,595345,2022,28.5,
Beede, Tyler,595881,2022,13.7,
Ellis, Chris,595939,2022,8.0,
Junis, Jakob,596001,2022,20.5,
Mengden, Daniel,596043,2022,25.0,
Norris, Daniel,596057,2022,26.4,
Peters, Dillon,596071,2022,15.8,
Reed, Jake,596082,2022,16.9,
Stephenson, Robert,596112,2022,22.3,
Stubbs, Garrett,596117,2022,5.6,
Weaver, Luke,596133,2022,21.8,
Lawrence, Casey,596271,2022,13.9,
Gomber, Austin,596295,2022,18.0,
Barnes, Matt,598264,2022,19.3,
Ramirez, Noe,598287,2022,23.7,
Leclerc, Jose,600917,2022,27.3,
Machado, Andres,600921,2022,17.6,
Pivetta, Nick,601713,2022,22.6,
Barlow, Scott,605130,2022,26.6,
Bassitt, Chris,605135,2022,22.4,
Bradley, Archie,605151,2022,19.2,
Brebbia, John,605154,2022,18.8,
Brooks, Aaron,605156,2022,16.3,
Bundy, Dylan,605164,2022,15.8,
Chafin, Andrew,605177,2022,27.6,
Clevinger, Mike,605182,2022,18.8,
Cotton, Jharel,605194,2022,21.5,
Crick, Kyle,605195,2022,28.8,
Davies, Zach,605200,2022,17.9,
Edwards Jr., Carl,605218,2022,21.9,
Fulmer, Michael,605242,2022,22.1,
Holmes, Clay,605280,2022,25.0,
Houser, Adrian,605288,2022,15.2,
Lopez, Jorge,605347,2022,24.2,
Musgrove, Joe,605397,2022,24.9,
Nola, Aaron,605400,2022,29.1,
Rodriguez, Dereck,605446,2022,11.8,
Romano, Jordan,605447,2022,28.3,
Scott, Tayler,605463,2022,22.0,
Snell, Blake,605483,2022,32.0,
Springs, Jeffrey,605488,2022,26.2,
Thompson, Zach,605507,2022,16.6,
Warren, Art,605521,2022,24.2,
Wendelken, J.B.,605525,2022,17.2,
Wisler, Matt,605538,2022,19.9,
Woodruff, Brandon,605540,2022,30.6,
Castro, Harold,605612,2022,5.6,
Perdomo, Luis,606131,2022,12.5,
Gallegos, Giovanny,606149,2022,31.1,
Montero, Rafael,606160,2022,27.0,
Elias, Roenis,606273,2022,18.2,
Payamps, Joel,606303,2022,17.0,
Garcia, Jarlin,606424,2022,20.7,
Moronta, Reyes,606625,2022,23.6,
Barnes, Jacob,606930,2022,12.4,
Devenski, Chris,606965,2022,17.9,
Hager, Jake,606993,2022,10.0,
Rodon, Carlos,607074,2022,33.4,
Weems, Jordan,607179,2022,24.7,
Glasnow, Tyler,607192,2022,38.5,
Fedde, Erick,607200,2022,16.4,
Krehbiel, Joey,607216,2022,18.4,
Gsellman, Robert,607229,2022,14.1,
Garrett, Amir,607237,2022,25.0,
Martinez, Nick,607259,2022,21.2,
Patton, Spencer,607359,2022,17.2,
Mazza, Chris,607391,2022,14.3,
Banda, Anthony,607455,2022,22.2,
Barraclough, Kyle,607457,2022,24.3,
Bummer, Aaron,607481,2022,25.6,
Freeland, Kyle,607536,2022,17.1,
Howard, Sam,607572,2022,8.3,
Ladwig, A.J.,607609,2022,0.0,
Lugo, Seth,607625,2022,25.4,
Means, John,607644,2022,20.6,
Vasquez, Andrew,607755,2022,25.6,
Estevez, Carlos,608032,2022,23.0,
De Jong, Chase,608328,2022,20.1,
Fried, Max,608331,2022,23.2,
Giolito, Lucas,608337,2022,25.4,
Irvin, Cole,608344,2022,17.3,
Kelly, Carson,608348,2022,0.0,
Knebel, Corey,608349,2022,21.1,
Sims, Lucas,608371,2022,16.1,
Wacha, Michael,608379,2022,20.2,
Marquez, German,608566,2022,19.3,
Chargois, JT,608638,2022,19.8,
Duffey, Tyler,608648,2022,21.1,
Farrell, Luke,608652,2022,20.0,
Graveman, Kendall,608665,2022,23.2,
Leone, Dominic,608678,2022,23.4,
Steckenrider, Drew,608716,2022,14.7,
Stratton, Chris,608717,2022,21.5,
Suter, Brent,608718,2022,19.5,
Voth, Austin,608723,2022,20.4,
Bracho, Silvino,611093,2022,22.2,
Castro, Miguel,612434,2022,23.7,
Ruiz, Jose,614179,2022,25.7,
Quantrill, Cal,615698,2022,16.6,
Sawamura, Hirokazu,617228,2022,18.1,
Torrens, Luis,620443,2022,0.0,
Schrock, Max,621011,2022,0.0,
Cuas, Jose,621016,2022,18.9,
Wilson, Steven,621051,2022,24.8,
Rucker, Michael,621074,2022,21.8,
Kaprielian, James,621076,2022,17.0,
Wiles, Collin,621079,2022,22.0,
Lemoine, Jake,621082,2022,17.6,
Eflin, Zach,621107,2022,20.8,
Buehler, Walker,621111,2022,21.2,
Blackburn, Paul,621112,2022,19.1,
Burr, Ryan,621114,2022,17.9,
McCullers Jr., Lance,621121,2022,25.6,
Mills, Alec,621219,2022,13.1,
Alvarado, Jose,621237,2022,37.9,
Diaz, Edwin O,621242,2022,50.2,
Berrios, Jose,621244,2022,19.8,
Garza Jr., Ralph,621248,2022,11.1,
Underwood Jr., Duane,621249,2022,22.0,
Wittgren, Nick,621295,2022,12.7,
Minter, A.J.,621345,2022,34.7,
Clay, Sam,621348,2022,17.2,
Poche, Colin,621363,2022,26.1,
Borucki, Ryan,621366,2022,18.9,
Hearn, Taylor,621368,2022,21.6,
Strahm, Matt,621381,2022,26.9,
Banks, Tanner,621383,2022,22.6,
Blach, Ty,621389,2022,15.0,
Phillips, Brett,621433,2022,0.0,
Castro, Anthony,621593,2022,18.5,
Young, Alex,622065,2022,18.1,
Wood, Alex,622072,2022,23.6,
Almonte, Yency,622075,2022,24.4,
Smith, Drew,622098,2022,28.3,
Reyes Jr., Gerardo,622103,2022,0.0,
Sborz, Josh,622250,2022,32.0,
Staumont, Josh,622251,2022,24.4,
Tate, Dillon,622253,2022,20.5,
Castillo, Luis,622379,2022,28.6,
Castillo, Luis,622491,2022,27.2,
Crismatt, Nabil,622503,2022,23.2,
Dominguez, Seranthony,622554,2022,29.5,
Senzatela, Antonio,622608,2022,13.1,
Severino, Luis,622663,2022,27.7,
Hernandez, Elieser,622694,2022,21.6,
Diaz, Miguel,622766,2022,21.4,
Tinoco, Jesus,622786,2022,21.4,
Sewald, Paul,623149,2022,29.8,
Flexen, Chris,623167,2022,16.1,
Brazoban, Huascar,623211,2022,28.4,
Hader, Josh,623352,2022,37.0,
Topa, Justin,623437,2022,11.4,
Stephens, Jackson,623451,2022,20.0,
Phillips, Evan,623465,2022,33.0,
Herget, Jimmy,623474,2022,23.7,
Goudeau, Ashton,623485,2022,17.0,
Suarez, Ranger,624133,2022,19.5,
Castellani, Ryan,624418,2022,9.1,
Gordon, Nick,624503,2022,0.0,
Thompson, Keegan,624522,2022,22.3,
Lopez, Reynaldo,625643,2022,24.8,
Iglesias, Raisel,628452,2022,31.7,
Marte, Yunior,628708,2022,20.6,
Urias, Julio,628711,2022,24.1,
Chirinos, Yonny,630023,2022,20.0,
Crowe, Wil,640444,2022,20.5,
Finnegan, Kyle,640448,2022,26.1,
Harvey, Hunter,640451,2022,28.7,
Manaea, Sean,640455,2022,23.2,
Puk, A.J.,640462,2022,27.0,
Alzolay, Adbert,640470,2022,36.5,
Lopez, Pablo,641154,2022,23.6,
Alexander, Tyler,641302,2022,14.3,
Baker, Bryan,641329,2022,26.1,
Bickford, Phil,641360,2022,27.1,
Brentz, Jake,641394,2022,23.7,
Brogdon, Connor,641401,2022,26.6,
Castano, Daniel,641447,2022,12.8,
Cortes Jr., Nestor,641482,2022,26.5,
Danish, Tyler,641501,2022,18.5,
Dunning, Dane,641540,2022,20.4,
Foster, Matt,641582,2022,21.8,
Gott, Trevor,641627,2022,23.7,
Hamilton, Ian,641656,2022,0.0,
Hatch, Thomas,641672,2022,15.4,
Hendrix, Ryan,641682,2022,23.7,
Hudson, Dakota,641712,2022,13.1,
Jefferies, Daulton,641726,2022,16.3,
Jimenez, Joe,641729,2022,33.3,
Kay, Anthony,641743,2022,30.0,
Keller, Brad,641745,2022,16.5,
Kinley, Tyler,641755,2022,27.0,
Kuhl, Chad,641771,2022,17.8,
Lauer, Eric,641778,2022,23.8,
Littell, Zack,641793,2022,20.5,
Mahle, Tyler,641816,2022,25.0,
Mayza, Tim,641835,2022,22.8,
McKay, David,641853,2022,9.4,
Middleton, Keynan,641871,2022,21.7,
Murphy, Patrick,641907,2022,11.8,
Neuse, Sheldon,641914,2022,0.0,
Ober, Bailey,641927,2022,22.5,
Pagan, Emilio,641941,2022,30.7,
Rogers, Josh,642028,2022,10.6,
Saucedo, Tayler,642048,2022,0.0,
Sedlock, Cody,642060,2022,18.8,
Speier, Gabe,642100,2022,18.2,
Sulser, Cole,642121,2022,25.5,
Taylor, Blake,642130,2022,12.0,
Trivino, Lou,642152,2022,26.8,
VanMeter, Josh,642165,2022,0.0,
Widener, Taylor,642203,2022,17.1,
Williams, Devin,642207,2022,40.0,
Yacabonis, Jimmy,642231,2022,28.8,
Yarbrough, Ryan,642232,2022,17.2,
Zastryzny, Rob,642239,2022,18.8,
Soto, Gregory,642397,2022,22.8,
Loaisiga, Jonathan,642528,2022,18.2,
Barria, Jaime,642545,2022,17.1,
Hernandez, Jonathan,642546,2022,20.6,
Peralta, Freddy,642547,2022,27.1,
Bautista, Felix,642585,2022,34.8,
Ogando, Cristofer,642657,2022,11.8,
Espinal, Raynel,642659,2022,23.8,
Santana, Dennis,642701,2022,21.2,
Acevedo, Domingo,642758,2022,21.8,
Guerra, Javy,642770,2022,12.2,
Wynns, Austin,642851,2022,0.0,
Brault, Steven,643230,2022,20.5,
Cimber, Adam,643256,2022,19.8,
Dunn, Justin,643290,2022,15.2,
Fry, Paul,643316,2022,23.0,
Green, Chad,643338,2022,25.8,
Herget, Kevin,643361,2022,13.3,
Jax, Griffin,643377,2022,26.9,
Knight, Dusten,643400,2022,18.4,
Leiter Jr., Mark,643410,2022,25.9,
Pruitt, Austin,643493,2022,17.0,
Rogers, Tyler,643511,2022,15.4,
Schwindel, Frank,643524,2022,0.0,
Zeuch, T.J.,643615,2022,7.8,
Arano, Victor,644364,2022,23.5,
Chang, Yu,644374,2022,0.0,
Severino, Anderson,644429,2022,26.5,
Alcantara, Sandy,645261,2022,23.4,
Diaz, Jhonathan,646242,2022,16.7,
Pop, Zach,647315,2022,15.9,
Wells, Alex,649144,2022,37.5,
Ruiz, Norge,650204,2022,19.1,
Hernandez, Darwinzon,650382,2022,20.9,
Mejia, J.C.,650496,2022,6.3,
Garcia, Bryan,650530,2022,20.2,
Abreu, Bryan,650556,2022,35.5,
King, Michael,650633,2022,33.2,
Civale, Aaron,650644,2022,24.1,
Quijada, Jose,650671,2022,30.8,
Cabrera, Genesis,650893,2022,16.5,
Castillo, Diego,650895,2022,23.9,
Sanchez, Cristopher,650911,2022,19.8,
Diplan, Marcos,650959,2022,29.6,
Duarte, Daniel,650960,2022,14.3,
Rodriguez, Manuel,655889,2022,14.0,
Zabala, Aneurys,656008,2022,18.2,
Abreu, Albert,656061,2022,22.1,
Beeks, Jalen,656222,2022,28.0,
Bielak, Brandon,656232,2022,22.2,
Bird, Jake,656234,2022,19.9,
Brigham, Jeff,656257,2022,27.7,
Burke, Brock,656271,2022,27.4,
Carlton, Drew,656290,2022,21.9,
Cease, Dylan,656302,2022,30.4,
Coonrod, Sam,656322,2022,20.7,
Davidson, Tucker,656353,2022,13.6,
Davis, Austin,656354,2022,24.2,
Faedo, Alex,656412,2022,18.0,
Feyereisen, J.P.,656420,2022,29.1,
Flaherty, Jack,656427,2022,19.8,
Gilbert, Tyler,656457,2022,13.7,
Gilbreath, Lucas,656458,2022,26.2,
Ginkel, Kevin,656464,2022,24.2,
Griffin, Foster,656492,2022,12.5,
Hentges, Sam,656529,2022,29.4,
Hoffman, Jeff,656546,2022,22.8,
Holloway, Jordan,656548,2022,18.2,
Houck, Tanner,656557,2022,22.7,
Jackson, Andre,656578,2022,21.4,
Keller, Mitch,656605,2022,20.1,
Kopech, Michael,656629,2022,21.3,
Lange, Alex,656638,2022,30.3,
Logue, Zach,656657,2022,16.3,
Martin, Brett,656685,2022,18.9,
Martin, Corbin,656686,2022,20.8,
Megill, Trevor,656730,2022,25.0,
Megill, Tylor,656731,2022,25.5,
Montes de Oca, Bryce,656755,2022,31.6,
Montgomery, Jordan,656756,2022,21.8,
Mushinski, Parker,656786,2022,26.7,
Nelson, Nick,656793,2022,22.5,
Newcomb, Sean,656794,2022,20.9,
Norwood, James,656803,2022,25.9,
Ortiz, Luis,656814,2022,18.2,
Overton, Connor,656818,2022,11.3,
Peterson, David,656849,2022,27.8,
Rasmussen, Drew,656876,2022,21.4,
Reid-Foley, Sean,656887,2022,18.2,
Scott, Tanner,656945,2022,31.1,
Sheffield, Justus,656954,2022,13.7,
Smeltzer, Devin,656970,2022,13.9,
Sousa, Bennett,656986,2022,12.5,
Steele, Justin,657006,2022,24.6,
Swanson, Erik,657024,2022,34.0,
Thompson, Ryan,657044,2022,21.5,
Toussaint, Touki,657053,2022,24.1,
Watkins, Spenser,657093,2022,13.7,
Wright, Kyle,657140,2022,23.6,
Merryweather, Julian,657240,2022,19.3,
Otto Jr., Glenn,657248,2022,18.2,
Strzelecki, Peter,657265,2022,27.0,
Uelmen, Erich,657272,2022,17.2,
Webb, Logan,657277,2022,20.7,
Schmidt, Clarke,657376,2022,23.7,
Gage, Matt,657424,2022,24.0,
Baumann, Mike,657508,2022,15.4,
Bernardino, Brennan,657514,2022,0.0,
Ferguson, Caleb,657571,2022,26.1,
Garrett, Reed,657585,2022,12.2,
Hill, Tim,657612,2022,12.6,
Koenig, Jared,657649,2022,12.4,
Ryan, Joe,657746,2022,25.0,
Seabold, Connor,657756,2022,19.4,
Stout, Eric,657770,2022,22.7,
Medina, Adonis,658431,2022,15.5,
Fernandez, Junior,658551,2022,16.7,
Avila, Pedro,658648,2022,27.8,
Espinoza, Anderson,659262,2022,22.4,
Lamet, Dinelson,659275,2022,30.2,
Ohtani, Shohei,660271,2022,33.2,
Reyes, Denyi,660593,2022,9.7,
Paredes, Enoli,660600,2022,14.3,
Ynoa, Huascar,660623,2022,21.6,
Castillo, Diego,660636,2022,6.7,
Rodriguez, Elvin,660730,2022,17.5,
Suarez, Jose,660761,2022,22.3,
De Los Santos, Yerry,660787,2022,23.2,
Graterol, Brusdar,660813,2022,21.8,
Bazardo, Eduard,660825,2022,16.9,
De Los Santos, Enyel,660853,2022,28.4,
Alcala, Jorge,660896,2022,20.0,
Perez, Francisco,660906,2022,14.6,
Lopez, Yoan,661255,2022,19.6,
Gutierrez, Vladimir,661269,2022,16.2,
Martinez, Adrian,661309,2022,20.5,
Ortega, Oliver,661383,2022,22.3,
Duran, Jhoan,661395,2022,33.5,
Clase, Emmanuel,661403,2022,28.4,
Llovera, Mauricio,661440,2022,27.8,
Martinez, Seth,661527,2022,24.5,
Gil, Luis,661563,2022,26.3,
Munoz, Andres,662253,2022,38.7,
Suarez, Robert,663158,2022,31.9,
Feltner, Ryan,663372,2022,19.6,
Szapucki, Thomas,663378,2022,26.9,
Smith, Chad,663385,2022,27.1,
Thornton, Trent,663423,2022,19.6,
Rainey, Tanner,663432,2022,28.1,
Martin, Davis,663436,2022,17.8,
Pilkington, Konnor,663455,2022,19.4,
Bubic, Kris,663460,2022,18.7,
Allard, Kolby,663465,2022,21.8,
McKenzie, Triston,663474,2022,25.6,
Sands, Cole,663485,2022,19.3,
Allen, Logan,663531,2022,17.5,
Hjelle, Sean,663546,2022,24.3,
Mize, Casey,663554,2022,8.9,
McClanahan, Shane,663556,2022,30.3,
Moran, Jovani,663558,2022,32.9,
Falter, Bailey,663559,2022,21.2,
Santillan, Tony,663574,2022,21.9,
Small, Ethan,663629,2022,21.2,
McKenna, Ryan,663630,2022,0.0,
Neidert, Nick,663734,2022,15.0,
Lynch, Daniel,663738,2022,20.3,
Morris, Cody,663752,2022,23.0,
Knehr, Reiss,663753,2022,16.9,
Woodford, Jake,663765,2022,12.8,
Hoeing, Bryan,663773,2022,9.8,
Sandoval, Patrick,663776,2022,23.7,
Kowar, Jackson,663804,2022,20.7,
Hicks, Jordan,663855,2022,24.0,
Singer, Brady,663903,2022,24.2,
Holton, Tyler,663947,2022,15.4,
Paddack, Chris,663978,2022,21.5,
Stephan, Trevor,663986,2022,30.7,
Vespi, Nick,663989,2022,25.0,
Lakins Sr., Travis,664042,2022,16.0,
Stashak, Cody,664054,2022,23.1,
Gonsolin, Tony,664062,2022,23.9,
Cleavinger, Garrett,664076,2022,34.8,
Poppen, Sean,664092,2022,18.3,
Effross, Scott,664123,2022,27.1,
Fairbanks, Pete,664126,2022,43.7,
Gibaut, Ian,664139,2022,30.0,
Brubaker, JT,664141,2022,22.8,
Swarmer, Matt,664161,2022,23.5,
Clarke, Taylor,664199,2022,23.6,
Cyr, Tyler,664202,2022,29.1,
Maton III, Phil,664208,2022,26.0,
Valdez, Framber,664285,2022,23.5,
Moreta, Dauri,664294,2022,24.4,
Javier, Cristian,664299,2022,33.2,
Yajure, Miguel,664337,2022,13.4,
Urquidy, Jose,664353,2022,19.7,
Romero, Jhon,664584,2022,25.0,
Lopez, Alejo,664670,2022,0.0,
Diaz, Alexis,664747,2022,32.5,
Cousins, Jake,664776,2022,35.6,
Young, Danny,664849,2022,18.8,
Helsley, Ryan,664854,2022,39.3,
Dowdy, Kyle,664871,2022,11.1,
Lawrence, Justin,664875,2022,25.1,
Naile, James,664942,2022,13.5,
Vieaux, Cam,664944,2022,31.3,
Misiewicz, Anthony,664948,2022,22.3,
Kelley, Trevor,665001,2022,21.5,
Clemens, Kody,665019,2022,3.0,
Kremer, Dean,665152,2022,17.0,
Garcia, Rony,665621,2022,23.3,
Peguero, Elvis,665625,2022,15.6,
Castro, Kervin,665645,2022,19.3,
Sanmartin, Reiver,665665,2022,18.4,
Cabrera, Edward,665795,2022,25.8,
Assad, Javier,665871,2022,18.1,
Marte, Jose,665896,2022,25.9,
Anderson, Ian,666120,2022,19.7,
Garrett, Braxton,666129,2022,24.1,
Ragans, Cole,666142,2022,15.5,
Lodolo, Nick,666157,2022,29.7,
Manning, Matt,666159,2022,18.3,
Thompson, Mason,666168,2022,14.9,
Luzardo, Jesus,666200,2022,30.0,
Manoah, Alek,666201,2022,22.9,
Jimenez, Dany,666204,2022,23.4,
Muller, Kyle,666205,2022,20.3,
Wentz, Joey,666214,2022,20.0,
Brash, Matt,666374,2022,27.9,
Santos, Gregory,666619,2022,11.8,
Castillo, Max,666721,2022,21.8,
Doval, Camilo,666808,2022,28.0,
Frias, Luis,666818,2022,15.6,
Cano, Yennier,666974,2022,21.6,
Nance, Tommy,667297,2022,29.1,
Rondon, Angel,667373,2022,20.0,
Sanchez, Miguel,667376,2022,15.5,
Jackson, Zach,667427,2022,33.2,
King, John,667463,2022,13.5,
Fletcher, Aaron,667465,2022,11.5,
Dugger, Robert,667498,2022,26.4,
Tyler, Kyle,667725,2022,14.3,
Miller, Tyson,668338,2022,14.3,
Nogosek, Stephen,668665,2022,22.1,
Plesac, Zach,668676,2022,17.6,
Gallen, Zac,668678,2022,26.9,
Tully, Tanner,668684,2022,6.7,
Kranick, Max,668820,2022,21.1,
McGee, Easton,668834,2022,7.1,
Thompson, Zack,668868,2022,19.9,
Kilian, Caleb,668873,2022,16.1,
Greene, Hunter,668881,2022,30.9,
Ashcraft, Graham,668933,2022,15.3,
Romero, JoJo,668941,2022,25.4,
McCarty, Kirk,668948,2022,16.4,
Hollowell, Gavin,668970,2022,25.0,
Gore, MacKenzie,669022,2022,23.3,
Wilson, Bryse,669060,2022,15.5,
Hall, DL,669084,2022,29.7,
Estrada, Jeremiah,669093,2022,32.0,
Zimmermann, Bruce,669145,2022,15.3,
May, Dustin,669160,2022,22.8,
Heasley, Jonathan,669169,2022,15.1,
Nelson, Ryne,669194,2022,23.2,
Burnes, Corbin,669203,2022,30.5,
Akin, Keegan,669211,2022,23.4,
Morgan, Eli,669212,2022,28.1,
Kuhnel, Joel,669270,2022,22.0,
Lee, Dylan,669276,2022,29.4,
Gilbert, Logan,669302,2022,22.7,
Wells, Tyler,669330,2022,18.0,
Baz, Shane,669358,2022,25.6,
Skubal, Tarik,669373,2022,24.5,
Coleman, Dylan,669395,2022,24.6,
Lambert, Jimmy,669424,2022,22.1,
Rogers, Trevor,669432,2022,22.2,
Bieber, Shane,669456,2022,25.0,
Nelson, Kyle,669459,2022,19.9,
Liberatore, Matthew,669461,2022,17.4,
Pallante, Andre,669467,2022,16.0,
Barlow, Joe,669618,2022,19.2,
Bender, Anthony,669622,2022,21.8,
Long, Sam,669674,2022,18.2,
Weissert, Greg,669711,2022,22.9,
Wesneski, Hayden,669713,2022,25.0,
De Jesus, Angel,669804,2022,13.0,
Blanco, Ronel,669854,2022,21.9,
Snead, Kirby,669912,2022,16.7,
Alexander, Jason,669920,2022,14.3,
Kirby, George,669923,2022,24.5,
Alexy, A.J.,669935,2022,15.8,
White, Mitch,669952,2022,17.7,
Festa, Matt,670036,2022,29.2,
Rosenberg, Kenny,670046,2022,17.0,
Holderman, Colin,670059,2022,20.3,
Mills, Wyatt,670090,2022,20.3,
Oller, Adam,670124,2022,13.6,
Schreiber, John,670167,2022,28.8,
Winckowski, Josh,670174,2022,13.9,
Bednar, David,670280,2022,32.9,
Fishman, Jake,670288,2022,12.5,
Garcia, Rico,670329,2022,5.7,
Diehl, Phillip,670426,2022,10.7,
Brosseau, Mike,670712,2022,0.0,
Gonzalez, Luis,670768,2022,0.0,
Gillaspie, Logan,670810,2022,13.5,
Oviedo, Johan,670912,2022,22.3,
Richards, Trevor,670950,2022,29.2,
Uceta, Edwin,670955,2022,17.8,
Morejon, Adrian,670970,2022,19.9,
Ramirez, Yohan,670990,2022,19.2,
Foley, Jason,671345,2022,16.8,
Bolanos, Ronald,671790,2022,13.8,
Detmers, Reid,672282,2022,22.6,
Perez, Cionel,672335,2022,23.5,
Ort, Kaleb,672391,2022,20.1,
Hernandez, Carlos,672578,2022,13.2,
Zerpa, Angel,672582,2022,6.8,
Contreras, Roansy,672710,2022,21.1,
Patino, Luis,672715,2022,11.2,
Morales, Francisco,672839,2022,14.3,
Adon, Joan,672851,2022,17.7,
Cruz, Jesus,672911,2022,15.4,
Barker, Luke,673316,2022,15.8,
Walsh, Jake,673904,2022,33.3,
Henry, Tommy,674072,2022,17.6,
Plassmeyer, Michael,674681,2022,24.1,
Curry, Xzavion,675540,2022,6.4,
Grove, Michael,675627,2022,18.0,
Strider, Spencer,675911,2022,38.3,
Lowther, Zac,675912,2022,3.6,
Karinchak, James,675916,2022,38.8,
Howard, Spencer,675921,2022,17.9,
Naughton, Packy,676050,2022,22.0,
Junk, Janson,676083,2022,29.7,
Snider, Collin,676092,2022,14.6,
Jones, Damon,676103,2022,19.2,
Butto, Jose,676130,2022,21.7,
Tetreault, Jackson,676194,2022,9.4,
Abbott, Cory,676265,2022,20.8,
Clement, Ernie,676391,2022,0.0,
Whitlock, Garrett,676477,2022,26.4,
Faucher, Calvin,676534,2022,20.8,
Fleming, Josh,676596,2022,17.2,
Sanders, Phoenix,676637,2022,21.1,
Sulser, Beau,676641,2022,19.2,
Solomon, Jared,676660,2022,23.1,
Sears, JP,676664,2022,17.7,
Vest, Will,676684,2022,23.2,
Crawford, Kutter,676710,2022,23.1,
Hughes, Brandon,676714,2022,28.5,
Romero, Tommy,676720,2022,15.9,
Marinaccio, Ron,676760,2022,30.9,
Whitley, Kodi,676831,2022,20.3,
Peacock, Matt,676840,2022,13.0,
Ashby, Aaron,676879,2022,26.5,
Beasley, Jeremy,676886,2022,29.7,
Cavalli, Cade,676917,2022,26.1,
Meyer, Max,676974,2022,23.1,
Nardi, Andrew,677053,2022,28.9,
Kelly, Zack,677161,2022,18.6,
Garcia, Luis,677651,2022,24.4,
Bruihl, Justin,677865,2022,13.0,
Weathers, Ryan,677960,2022,14.3,
Kerr, Ray,678061,2022,14.3,
Bello, Brayan,678394,2022,20.5,
Henriquez, Ronny,678692,2022,18.0,
Woods Richardson, Simeon,680573,2022,15.0,
Gray, Josiah,680686,2022,23.7,
Bradish, Kyle,680694,2022,21.8,
Sandlin, Nick,680704,2022,22.8,
Winder, Josh,680739,2022,16.4,
Silseth, Chase,681217,2022,18.6,
German, Franklin,681464,2022,17.4,
Roberts, Ethan,681799,2022,23.7,
Wantz, Andrew,681806,2022,25.5,
Warren, Austin,681810,2022,12.9,
Criswell, Cooper,681867,2022,30.8,
Lee, Evan,681885,2022,16.3,
Vesia, Alex,681911,2022,34.8,
Hill, Garrett,682051,2022,15.2,
Murfee, Penn,682171,2022,27.9,
Ortiz, Luis,682847,2022,24.6,
Gaddis, Hunter,683769,2022,12.5,
Arihara, Kohei,685503,2022,13.0,
Waldichuk, Ken,686610,2022,22.6,
Brown, Hunter,686613,2022,27.5,
Pepiot, Ryan,686752,2022,26.3,
Jameson, Drey,686753,2022,24.5,
Waites, Cole,686972,2022,16.0,
Varland, Louie,686973,2022,19.8,
Fisher, Nate,688010,2022,9.1,
Brieske, Beau,689225,2022,15.9,
Elder, Bryce,693821,2022,20.7,